Name,Type,Size,Price
잘만 N3 FM 강화유리,PC케이스(ATX),미들타워,32000
darkFlash DK200 RGB 강화유리,PC케이스(ATX),미들타워,35000
앱코 NCORE 식스팬 풀 아크릴 LUNAR,PC케이스(ATX),미들타워,35000
COX G200 시드,PC케이스(ATX),미들타워,42270
마이크로닉스 Master M60 메쉬,PC케이스(ATX),미들타워,42770
앱코 NCORE G30 트루포스,PC케이스(ATX),미들타워,44900
DAVEN KAISER AIR 강화유리,PC케이스(ATX),미들타워,47000
darkFlash DK1000 MESH 강화유리,PC케이스(ATX),미들타워,59000
앱코 SUITMASTER P1000 강화유리,PC케이스(ATX),미들타워,64000
3RSYS L600,PC케이스(ATX),미들타워,71500
darkFlash DLX21 RGB MESH 강화유리,PC케이스(ATX),미들타워,93000
BRAVOTEC 트레저 X9 920T 타이탄 글래스,PC케이스(ATX),미들타워,104470
앱코 SUITMASTER V3000 베놈 ARGB,PC케이스(ATX),미들타워,114950
앱코 SUITMASTER S2000 제로노이즈,PC케이스(ATX),빅타워,115000
리안리 PC-O11D EVO,PC케이스(ATX),미들타워,238670